date_id,full_date,year,month,day
1,2000-01-03,2000,1,3
2,2000-01-11,2000,1,11
3,2000-01-21,2000,1,21
4,2000-01-23,2000,1,23
5,2000-01-24,2000,1,24
6,2000-02-01,2000,2,1
7,2000-02-02,2000,2,2
8,2000-02-25,2000,2,25
9,2000-03-03,2000,3,3
10,2000-03-20,2000,3,20
11,2000-03-22,2000,3,22
12,2000-04-05,2000,4,5
13,2000-04-07,2000,4,7
14,2000-04-11,2000,4,11
15,2000-05-12,2000,5,12
16,2000-06-13,2000,6,13
17,2000-06-14,2000,6,14
18,2000-06-21,2000,6,21
19,2000-07-05,2000,7,5
20,2000-07-20,2000,7,20
21,2000-07-25,2000,7,25
22,2000-07-26,2000,7,26
23,2000-07-29,2000,7,29
24,2000-07-31,2000,7,31
25,2000-08-18,2000,8,18
26,2000-09-13,2000,9,13
27,2000-09-21,2000,9,21
28,2000-09-26,2000,9,26
29,2000-09-28,2000,9,28
30,2000-10-04,2000,10,4
31,2000-10-16,2000,10,16
32,2000-11-07,2000,11,7
33,2000-11-18,2000,11,18
34,2000-11-19,2000,11,19
35,2000-12-07,2000,12,7
36,2001-01-14,2001,1,14
37,2001-01-15,2001,1,15
38,2001-02-03,2001,2,3
39,2001-02-07,2001,2,7
40,2001-02-19,2001,2,19
41,2001-03-14,2001,3,14
42,2001-03-24,2001,3,24
43,2001-04-07,2001,4,7
44,2001-04-10,2001,4,10
45,2001-04-11,2001,4,11
46,2001-05-04,2001,5,4
47,2001-05-17,2001,5,17
48,2001-05-22,2001,5,22
49,2001-05-24,2001,5,24
50,2001-06-11,2001,6,11
51,2001-06-24,2001,6,24
52,2001-07-02,2001,7,2
53,2001-07-17,2001,7,17
54,2001-07-24,2001,7,24
55,2001-07-31,2001,7,31
56,2001-08-14,2001,8,14
57,2001-08-23,2001,8,23
58,2001-09-06,2001,9,6
59,2001-09-29,2001,9,29
60,2001-09-30,2001,9,30
61,2001-10-01,2001,10,1
62,2001-10-05,2001,10,5
63,2001-10-06,2001,10,6
64,2001-11-06,2001,11,6
65,2001-11-26,2001,11,26
66,2001-12-06,2001,12,6
67,2001-12-07,2001,12,7
68,2001-12-21,2001,12,21
69,2002-02-06,2002,2,6
70,2002-02-20,2002,2,20
71,2002-03-01,2002,3,1
72,2002-03-15,2002,3,15
73,2002-03-22,2002,3,22
74,2002-03-26,2002,3,26
75,2002-04-10,2002,4,10
76,2002-04-22,2002,4,22
77,2002-04-23,2002,4,23
78,2002-05-05,2002,5,5
79,2002-05-19,2002,5,19
80,2002-05-21,2002,5,21
81,2002-05-24,2002,5,24
82,2002-06-12,2002,6,12
83,2002-06-24,2002,6,24
84,2002-06-26,2002,6,26
85,2002-07-02,2002,7,2
86,2002-07-16,2002,7,16
87,2002-07-20,2002,7,20
88,2002-07-31,2002,7,31
89,2002-08-05,2002,8,5
90,2002-08-13,2002,8,13
91,2002-09-01,2002,9,1
92,2002-09-03,2002,9,3
93,2002-09-10,2002,9,10
94,2002-09-12,2002,9,12
95,2002-09-17,2002,9,17
96,2002-10-13,2002,10,13
97,2002-10-18,2002,10,18
98,2002-10-24,2002,10,24
99,2002-11-06,2002,11,6
100,2002-12-10,2002,12,10
101,2002-12-17,2002,12,17
102,2003-01-09,2003,1,9
103,2003-02-26,2003,2,26
104,2003-03-05,2003,3,5
105,2003-03-07,2003,3,7
106,2003-03-11,2003,3,11
107,2003-04-14,2003,4,14
108,2003-05-01,2003,5,1
109,2003-07-25,2003,7,25
110,2003-08-01,2003,8,1
111,2003-08-07,2003,8,7
112,2003-08-10,2003,8,10
113,2003-09-03,2003,9,3
114,2003-09-05,2003,9,5
115,2003-09-08,2003,9,8
116,2003-10-11,2003,10,11
117,2003-10-21,2003,10,21
118,2003-10-24,2003,10,24
119,2003-11-05,2003,11,5
120,2003-11-11,2003,11,11
121,2003-11-25,2003,11,25
122,2003-12-10,2003,12,10
123,2004-01-13,2004,1,13
124,2004-01-24,2004,1,24
125,2004-02-07,2004,2,7
126,2004-03-06,2004,3,6
127,2004-03-07,2004,3,7
128,2004-03-08,2004,3,8
129,2004-03-15,2004,3,15
130,2004-04-09,2004,4,9
131,2004-04-14,2004,4,14
132,2004-04-20,2004,4,20
133,2004-04-21,2004,4,21
134,2004-05-30,2004,5,30
135,2004-06-04,2004,6,4
136,2004-06-19,2004,6,19
137,2004-06-21,2004,6,21
138,2004-07-11,2004,7,11
139,2004-08-02,2004,8,2
140,2004-08-18,2004,8,18
141,2004-09-09,2004,9,9
142,2004-09-25,2004,9,25
143,2004-09-29,2004,9,29
144,2004-10-04,2004,10,4
145,2004-11-04,2004,11,4
146,2004-11-13,2004,11,13
147,2004-11-21,2004,11,21
148,2004-11-22,2004,11,22
149,2004-12-04,2004,12,4
150,2004-12-08,2004,12,8
151,2004-12-15,2004,12,15
152,2004-12-17,2004,12,17
153,2004-12-20,2004,12,20
154,2004-12-26,2004,12,26
155,2004-12-29,2004,12,29
156,2005-01-03,2005,1,3
157,2005-01-23,2005,1,23
158,2005-01-28,2005,1,28
159,2005-02-11,2005,2,11
160,2005-03-02,2005,3,2
161,2005-03-10,2005,3,10
162,2005-04-11,2005,4,11
163,2005-04-18,2005,4,18
164,2005-04-21,2005,4,21
165,2005-05-05,2005,5,5
166,2005-05-11,2005,5,11
167,2005-05-13,2005,5,13
168,2005-05-21,2005,5,21
169,2005-05-24,2005,5,24
170,2005-05-29,2005,5,29
171,2005-06-04,2005,6,4
172,2005-06-13,2005,6,13
173,2005-06-29,2005,6,29
174,2005-08-13,2005,8,13
175,2005-08-24,2005,8,24
176,2005-08-26,2005,8,26
177,2005-09-05,2005,9,5
178,2005-09-10,2005,9,10
179,2005-09-15,2005,9,15
180,2005-09-16,2005,9,16
181,2005-09-26,2005,9,26
182,2005-11-04,2005,11,4
183,2005-12-05,2005,12,5
184,2005-12-11,2005,12,11
185,2005-12-16,2005,12,16
186,2005-12-28,2005,12,28
187,2006-01-19,2006,1,19
188,2006-01-27,2006,1,27
189,2006-02-26,2006,2,26
190,2006-03-14,2006,3,14
191,2006-03-20,2006,3,20
192,2006-03-25,2006,3,25
193,2006-03-31,2006,3,31
194,2006-04-30,2006,4,30
195,2006-05-02,2006,5,2
196,2006-06-02,2006,6,2
197,2006-06-13,2006,6,13
198,2006-07-09,2006,7,9
199,2006-07-15,2006,7,15
200,2006-07-29,2006,7,29
201,2006-08-12,2006,8,12
202,2006-09-01,2006,9,1
203,2006-09-12,2006,9,12
204,2006-09-21,2006,9,21
205,2006-09-29,2006,9,29
206,2006-10-18,2006,10,18
207,2006-10-26,2006,10,26
208,2006-11-12,2006,11,12
209,2006-11-14,2006,11,14
210,2006-12-06,2006,12,6
211,2006-12-11,2006,12,11
212,2006-12-12,2006,12,12
213,2006-12-25,2006,12,25
214,2007-01-12,2007,1,12
215,2007-01-18,2007,1,18
216,2007-01-21,2007,1,21
217,2007-01-24,2007,1,24
218,2007-02-15,2007,2,15
219,2007-02-17,2007,2,17
220,2007-02-24,2007,2,24
221,2007-03-15,2007,3,15
222,2007-03-22,2007,3,22
223,2007-03-31,2007,3,31
224,2007-04-14,2007,4,14
225,2007-04-16,2007,4,16
226,2007-04-19,2007,4,19
227,2007-05-05,2007,5,5
228,2007-05-08,2007,5,8
229,2007-05-21,2007,5,21
230,2007-05-24,2007,5,24
231,2007-06-08,2007,6,8
232,2007-07-12,2007,7,12
233,2007-07-30,2007,7,30
234,2007-08-07,2007,8,7
235,2007-08-17,2007,8,17
236,2007-08-21,2007,8,21
237,2007-08-23,2007,8,23
238,2007-08-24,2007,8,24
239,2007-09-18,2007,9,18
240,2007-10-27,2007,10,27
241,2007-12-02,2007,12,2
242,2007-12-13,2007,12,13
243,2008-01-05,2008,1,5
244,2008-02-17,2008,2,17
245,2008-02-23,2008,2,23
246,2008-03-03,2008,3,3
247,2008-03-07,2008,3,7
248,2008-03-24,2008,3,24
249,2008-03-26,2008,3,26
250,2008-04-02,2008,4,2
251,2008-04-15,2008,4,15
252,2008-04-21,2008,4,21
253,2008-05-02,2008,5,2
254,2008-05-03,2008,5,3
255,2008-05-26,2008,5,26
256,2008-06-25,2008,6,25
257,2008-07-06,2008,7,6
258,2008-07-07,2008,7,7
259,2008-07-22,2008,7,22
260,2008-07-29,2008,7,29
261,2008-08-06,2008,8,6
262,2008-08-08,2008,8,8
263,2008-08-18,2008,8,18
264,2008-08-20,2008,8,20
265,2008-09-13,2008,9,13
266,2008-09-18,2008,9,18
267,2008-10-19,2008,10,19
268,2008-10-26,2008,10,26
269,2008-12-01,2008,12,1
270,2008-12-15,2008,12,15
271,2008-12-24,2008,12,24
272,2009-01-16,2009,1,16
273,2009-01-20,2009,1,20
274,2009-01-29,2009,1,29
275,2009-02-11,2009,2,11
276,2009-02-23,2009,2,23
277,2009-02-28,2009,2,28
278,2009-03-02,2009,3,2
279,2009-03-16,2009,3,16
280,2009-03-23,2009,3,23
281,2009-03-28,2009,3,28
282,2009-04-13,2009,4,13
283,2009-04-24,2009,4,24
284,2009-04-29,2009,4,29
285,2009-05-03,2009,5,3
286,2009-05-05,2009,5,5
287,2009-05-17,2009,5,17
288,2009-06-13,2009,6,13
289,2009-06-14,2009,6,14
290,2009-06-22,2009,6,22
291,2009-06-25,2009,6,25
292,2009-06-27,2009,6,27
293,2009-07-02,2009,7,2
294,2009-07-17,2009,7,17
295,2009-07-25,2009,7,25
296,2009-08-03,2009,8,3
297,2009-08-06,2009,8,6
298,2009-08-20,2009,8,20
299,2009-08-24,2009,8,24
300,2009-09-09,2009,9,9
301,2009-10-01,2009,10,1
302,2009-10-08,2009,10,8
303,2009-10-20,2009,10,20
304,2009-11-15,2009,11,15
305,2009-11-28,2009,11,28
306,2009-11-30,2009,11,30
307,2009-12-04,2009,12,4
308,2010-01-12,2010,1,12
309,2010-01-20,2010,1,20
310,2010-02-03,2010,2,3
311,2010-02-09,2010,2,9
312,2010-02-24,2010,2,24
313,2010-03-22,2010,3,22
314,2010-03-26,2010,3,26
315,2010-03-29,2010,3,29
316,2010-04-28,2010,4,28
317,2010-05-03,2010,5,3
318,2010-06-11,2010,6,11
319,2010-06-19,2010,6,19
320,2010-06-27,2010,6,27
321,2010-07-02,2010,7,2
322,2010-07-15,2010,7,15
323,2010-07-21,2010,7,21
324,2010-07-27,2010,7,27
325,2010-08-01,2010,8,1
326,2010-08-03,2010,8,3
327,2010-08-17,2010,8,17
328,2010-08-26,2010,8,26
329,2010-08-27,2010,8,27
330,2010-08-31,2010,8,31
331,2010-09-27,2010,9,27
332,2010-09-30,2010,9,30
333,2010-10-13,2010,10,13
334,2010-10-15,2010,10,15
335,2010-10-24,2010,10,24
336,2010-11-12,2010,11,12
337,2010-11-17,2010,11,17
338,2010-11-20,2010,11,20
339,2010-12-04,2010,12,4
340,2010-12-08,2010,12,8
341,2010-12-29,2010,12,29
342,2011-01-04,2011,1,4
343,2011-02-01,2011,2,1
344,2011-02-28,2011,2,28
345,2011-03-04,2011,3,4
346,2011-03-12,2011,3,12
347,2011-03-20,2011,3,20
348,2011-04-20,2011,4,20
349,2011-06-23,2011,6,23
350,2011-07-11,2011,7,11
351,2011-07-23,2011,7,23
352,2011-08-19,2011,8,19
353,2011-09-17,2011,9,17
354,2011-11-12,2011,11,12
355,2011-11-14,2011,11,14
356,2011-11-20,2011,11,20
357,2011-11-23,2011,11,23
358,2011-11-24,2011,11,24
359,2011-12-07,2011,12,7
360,2011-12-09,2011,12,9
361,2011-12-27,2011,12,27
362,2011-12-29,2011,12,29
363,2012-01-13,2012,1,13
364,2012-01-15,2012,1,15
365,2012-01-29,2012,1,29
366,2012-02-14,2012,2,14
367,2012-02-21,2012,2,21
368,2012-02-29,2012,2,29
369,2012-03-02,2012,3,2
370,2012-03-07,2012,3,7
371,2012-04-03,2012,4,3
372,2012-04-16,2012,4,16
373,2012-05-05,2012,5,5
374,2012-05-13,2012,5,13
375,2012-05-16,2012,5,16
376,2012-05-25,2012,5,25
377,2012-05-28,2012,5,28
378,2012-06-05,2012,6,5
379,2012-06-08,2012,6,8
380,2012-06-16,2012,6,16
381,2012-06-21,2012,6,21
382,2012-07-16,2012,7,16
383,2012-08-06,2012,8,6
384,2012-08-25,2012,8,25
385,2012-09-12,2012,9,12
386,2012-09-18,2012,9,18
387,2012-09-27,2012,9,27
388,2012-09-30,2012,9,30
389,2012-10-08,2012,10,8
390,2012-10-12,2012,10,12
391,2012-11-01,2012,11,1
392,2012-11-26,2012,11,26
393,2012-12-24,2012,12,24
394,2013-01-11,2013,1,11
395,2013-01-19,2013,1,19
396,2013-01-29,2013,1,29
397,2013-01-30,2013,1,30
398,2013-02-05,2013,2,5
399,2013-02-07,2013,2,7
400,2013-02-10,2013,2,10
401,2013-04-03,2013,4,3
402,2013-04-04,2013,4,4
403,2013-04-07,2013,4,7
404,2013-04-17,2013,4,17
405,2013-04-22,2013,4,22
406,2013-04-28,2013,4,28
407,2013-08-03,2013,8,3
408,2013-08-04,2013,8,4
409,2013-08-19,2013,8,19
410,2013-08-23,2013,8,23
411,2013-09-17,2013,9,17
412,2013-09-19,2013,9,19
413,2013-09-28,2013,9,28
414,2013-10-01,2013,10,1
415,2013-10-04,2013,10,4
416,2013-10-12,2013,10,12
417,2013-10-17,2013,10,17
418,2013-10-20,2013,10,20
419,2013-11-07,2013,11,7
420,2013-11-16,2013,11,16
421,2013-12-01,2013,12,1
422,2013-12-11,2013,12,11
423,2013-12-23,2013,12,23
424,2014-01-14,2014,1,14
425,2014-01-22,2014,1,22
426,2014-02-24,2014,2,24
427,2014-04-01,2014,4,1
428,2014-04-14,2014,4,14
429,2014-04-24,2014,4,24
430,2014-05-08,2014,5,8
431,2014-05-15,2014,5,15
432,2014-05-19,2014,5,19
433,2014-05-25,2014,5,25
434,2014-05-28,2014,5,28
435,2014-06-09,2014,6,9
436,2014-06-13,2014,6,13
437,2014-06-19,2014,6,19
438,2014-06-25,2014,6,25
439,2014-07-04,2014,7,4
440,2014-07-19,2014,7,19
441,2014-07-31,2014,7,31
442,2014-08-01,2014,8,1
443,2014-08-03,2014,8,3
444,2014-09-08,2014,9,8
445,2014-09-09,2014,9,9
446,2014-09-15,2014,9,15
447,2014-09-17,2014,9,17
448,2014-09-27,2014,9,27
449,2014-09-28,2014,9,28
450,2014-10-06,2014,10,6
451,2014-10-13,2014,10,13
452,2014-10-15,2014,10,15
453,2014-10-16,2014,10,16
454,2014-10-18,2014,10,18
455,2014-11-11,2014,11,11
456,2014-11-19,2014,11,19
457,2014-11-23,2014,11,23
458,2014-12-07,2014,12,7
459,2015-01-13,2015,1,13
460,2015-02-02,2015,2,2
461,2015-02-21,2015,2,21
462,2015-02-25,2015,2,25
463,2015-03-28,2015,3,28
464,2015-04-08,2015,4,8
465,2015-04-09,2015,4,9
466,2015-04-19,2015,4,19
467,2015-04-27,2015,4,27
468,2015-04-30,2015,4,30
469,2015-05-13,2015,5,13
470,2015-06-12,2015,6,12
471,2015-06-25,2015,6,25
472,2015-06-26,2015,6,26
473,2015-07-02,2015,7,2
474,2015-07-14,2015,7,14
475,2015-07-27,2015,7,27
476,2015-08-02,2015,8,2
477,2015-08-07,2015,8,7
478,2015-08-10,2015,8,10
479,2015-09-03,2015,9,3
480,2015-09-16,2015,9,16
481,2015-09-23,2015,9,23
482,2015-10-09,2015,10,9
483,2015-10-25,2015,10,25
484,2015-11-16,2015,11,16
485,2015-11-30,2015,11,30
486,2015-12-13,2015,12,13
487,2015-12-16,2015,12,16
488,2015-12-23,2015,12,23
489,2016-01-02,2016,1,2
490,2016-01-03,2016,1,3
491,2016-01-20,2016,1,20
492,2016-02-01,2016,2,1
493,2016-02-06,2016,2,6
494,2016-02-17,2016,2,17
495,2016-02-25,2016,2,25
496,2016-02-27,2016,2,27
497,2016-03-03,2016,3,3
498,2016-03-13,2016,3,13
499,2016-03-15,2016,3,15
500,2016-04-07,2016,4,7
501,2016-04-12,2016,4,12
502,2016-04-16,2016,4,16
503,2016-04-18,2016,4,18
504,2016-04-27,2016,4,27
505,2016-05-08,2016,5,8
506,2016-05-13,2016,5,13
507,2016-05-14,2016,5,14
508,2016-05-24,2016,5,24
509,2016-06-06,2016,6,6
510,2016-06-13,2016,6,13
511,2016-06-24,2016,6,24
512,2016-07-25,2016,7,25
513,2016-07-29,2016,7,29
514,2016-08-01,2016,8,1
515,2016-08-14,2016,8,14
516,2016-08-26,2016,8,26
517,2016-08-27,2016,8,27
518,2016-09-12,2016,9,12
519,2016-10-10,2016,10,10
520,2016-10-14,2016,10,14
521,2016-10-23,2016,10,23
522,2016-11-10,2016,11,10
523,2016-12-15,2016,12,15
524,2016-12-17,2016,12,17
525,2016-12-28,2016,12,28
526,2017-01-04,2017,1,4
527,2017-02-04,2017,2,4
528,2017-02-09,2017,2,9
529,2017-02-16,2017,2,16
530,2017-02-17,2017,2,17
531,2017-02-18,2017,2,18
532,2017-02-26,2017,2,26
533,2017-03-04,2017,3,4
534,2017-03-25,2017,3,25
535,2017-03-28,2017,3,28
536,2017-04-08,2017,4,8
537,2017-04-12,2017,4,12
538,2017-04-17,2017,4,17
539,2017-05-12,2017,5,12
540,2017-05-13,2017,5,13
541,2017-06-05,2017,6,5
542,2017-06-08,2017,6,8
543,2017-06-20,2017,6,20
544,2017-06-27,2017,6,27
545,2017-06-29,2017,6,29
546,2017-07-21,2017,7,21
547,2017-07-25,2017,7,25
548,2017-07-30,2017,7,30
549,2017-08-03,2017,8,3
550,2017-08-06,2017,8,6
551,2017-08-10,2017,8,10
552,2017-09-19,2017,9,19
553,2017-09-23,2017,9,23
554,2017-09-27,2017,9,27
555,2017-10-11,2017,10,11
556,2017-10-14,2017,10,14
557,2017-10-28,2017,10,28
558,2017-11-11,2017,11,11
559,2017-11-14,2017,11,14
560,2017-12-17,2017,12,17
561,2018-01-05,2018,1,5
562,2018-02-15,2018,2,15
563,2018-02-17,2018,2,17
564,2018-03-13,2018,3,13
565,2018-03-14,2018,3,14
566,2018-03-15,2018,3,15
567,2018-03-29,2018,3,29
568,2018-04-26,2018,4,26
569,2018-06-09,2018,6,9
570,2018-07-01,2018,7,1
571,2018-07-26,2018,7,26
572,2018-08-11,2018,8,11
573,2018-08-16,2018,8,16
574,2018-09-01,2018,9,1
575,2018-09-22,2018,9,22
576,2018-09-23,2018,9,23
577,2018-09-25,2018,9,25
578,2018-09-29,2018,9,29
579,2018-09-30,2018,9,30
580,2018-10-05,2018,10,5
581,2018-10-13,2018,10,13
582,2018-11-05,2018,11,5
583,2018-11-14,2018,11,14
584,2018-11-23,2018,11,23
585,2018-12-01,2018,12,1
586,2018-12-17,2018,12,17
587,2018-12-23,2018,12,23
588,2018-12-25,2018,12,25
589,2019-01-04,2019,1,4
590,2019-01-15,2019,1,15
591,2019-01-18,2019,1,18
592,2019-01-21,2019,1,21
593,2019-02-04,2019,2,4
594,2019-02-07,2019,2,7
595,2019-02-15,2019,2,15
596,2019-02-26,2019,2,26
597,2019-02-27,2019,2,27
598,2019-03-06,2019,3,6
599,2019-03-07,2019,3,7
600,2019-03-13,2019,3,13
601,2019-03-26,2019,3,26
602,2019-04-07,2019,4,7
603,2019-04-18,2019,4,18
604,2019-05-04,2019,5,4
605,2019-05-05,2019,5,5
606,2019-05-16,2019,5,16
607,2019-05-25,2019,5,25
608,2019-05-29,2019,5,29
609,2019-06-23,2019,6,23
610,2019-06-29,2019,6,29
611,2019-07-05,2019,7,5
612,2019-07-07,2019,7,7
613,2019-07-09,2019,7,9
614,2019-07-26,2019,7,26
615,2019-08-18,2019,8,18
616,2019-08-30,2019,8,30
617,2019-09-05,2019,9,5
618,2019-09-13,2019,9,13
619,2019-09-17,2019,9,17
620,2019-10-02,2019,10,2
621,2019-10-13,2019,10,13
622,2019-10-14,2019,10,14
623,2019-10-27,2019,10,27
624,2019-11-18,2019,11,18
625,2019-12-29,2019,12,29
626,2019-12-31,2019,12,31
627,2020-01-13,2020,1,13
628,2020-01-15,2020,1,15
629,2020-01-17,2020,1,17
630,2020-01-19,2020,1,19
631,2020-01-22,2020,1,22
632,2020-01-23,2020,1,23
633,2020-02-13,2020,2,13
634,2020-02-14,2020,2,14
635,2020-03-09,2020,3,9
636,2020-03-23,2020,3,23
637,2020-03-26,2020,3,26
638,2020-04-26,2020,4,26
639,2020-04-27,2020,4,27
640,2020-05-24,2020,5,24
641,2020-06-08,2020,6,8
642,2020-06-28,2020,6,28
643,2020-07-07,2020,7,7
644,2020-07-16,2020,7,16
645,2020-07-17,2020,7,17
646,2020-07-30,2020,7,30
647,2020-08-06,2020,8,6
648,2020-08-09,2020,8,9
649,2020-09-06,2020,9,6
650,2020-09-08,2020,9,8
651,2020-09-21,2020,9,21
652,2020-10-13,2020,10,13
653,2020-10-19,2020,10,19
654,2020-10-30,2020,10,30
655,2020-10-31,2020,10,31
656,2020-11-05,2020,11,5
657,2020-11-11,2020,11,11
658,2020-11-15,2020,11,15
659,2020-11-18,2020,11,18
660,2020-11-28,2020,11,28
661,2020-12-04,2020,12,4
662,2020-12-16,2020,12,16
663,2020-12-23,2020,12,23
664,2021-01-30,2021,1,30
665,2021-02-14,2021,2,14
666,2021-02-20,2021,2,20
667,2021-03-03,2021,3,3
668,2021-03-13,2021,3,13
669,2021-03-25,2021,3,25
670,2021-05-04,2021,5,4
671,2021-05-31,2021,5,31
672,2021-06-13,2021,6,13
673,2021-07-23,2021,7,23
674,2021-07-24,2021,7,24
675,2021-08-02,2021,8,2
676,2021-08-03,2021,8,3
677,2021-08-16,2021,8,16
678,2021-08-25,2021,8,25
679,2021-09-13,2021,9,13
680,2021-09-14,2021,9,14
681,2021-10-01,2021,10,1
682,2021-10-05,2021,10,5
683,2021-10-07,2021,10,7
684,2021-10-16,2021,10,16
685,2021-10-23,2021,10,23
686,2021-10-27,2021,10,27
687,2021-10-29,2021,10,29
688,2021-11-14,2021,11,14
689,2021-11-15,2021,11,15
690,2021-12-05,2021,12,5
691,2021-12-06,2021,12,6
692,2022-01-13,2022,1,13
693,2022-01-21,2022,1,21
694,2022-01-25,2022,1,25
695,2022-01-30,2022,1,30
696,2022-02-08,2022,2,8
697,2022-04-28,2022,4,28
698,2022-05-04,2022,5,4
699,2022-05-08,2022,5,8
700,2022-05-09,2022,5,9
701,2022-05-12,2022,5,12
702,2022-05-13,2022,5,13
703,2022-05-17,2022,5,17
704,2022-05-22,2022,5,22
705,2022-05-26,2022,5,26
706,2022-06-01,2022,6,1
707,2022-06-26,2022,6,26
708,2022-06-29,2022,6,29
709,2022-07-10,2022,7,10
710,2022-07-11,2022,7,11
711,2022-07-26,2022,7,26
712,2022-08-04,2022,8,4
713,2022-08-10,2022,8,10
714,2022-08-14,2022,8,14
715,2022-08-23,2022,8,23
716,2022-08-24,2022,8,24
717,2022-09-09,2022,9,9
718,2022-09-28,2022,9,28
719,2022-09-29,2022,9,29
720,2022-10-07,2022,10,7
721,2022-10-09,2022,10,9
722,2022-10-22,2022,10,22
723,2022-10-24,2022,10,24
724,2022-11-03,2022,11,3
725,2022-11-09,2022,11,9
726,2022-11-16,2022,11,16
727,2022-11-18,2022,11,18
728,2022-11-22,2022,11,22
729,2022-11-23,2022,11,23
730,2022-11-24,2022,11,24
731,2022-11-29,2022,11,29
732,2022-12-04,2022,12,4
733,2022-12-05,2022,12,5
734,2023-01-01,2023,1,1
735,2023-01-04,2023,1,4
736,2023-02-11,2023,2,11
737,2023-02-21,2023,2,21
738,2023-02-24,2023,2,24
739,2023-03-10,2023,3,10
740,2023-04-02,2023,4,2
741,2023-04-05,2023,4,5
742,2023-04-06,2023,4,6
743,2023-04-12,2023,4,12
744,2023-04-29,2023,4,29
745,2023-05-01,2023,5,1
746,2023-05-11,2023,5,11
747,2023-05-30,2023,5,30
748,2023-06-11,2023,6,11
749,2023-06-30,2023,6,30
750,2023-07-01,2023,7,1
751,2023-07-07,2023,7,7
752,2023-07-14,2023,7,14
753,2023-07-20,2023,7,20
754,2023-07-31,2023,7,31
755,2023-08-03,2023,8,3
756,2023-09-03,2023,9,3
757,2023-09-22,2023,9,22
758,2023-09-28,2023,9,28
759,2023-10-03,2023,10,3
760,2023-10-12,2023,10,12
761,2023-10-16,2023,10,16
762,2023-10-22,2023,10,22
763,2023-10-24,2023,10,24
764,2023-11-02,2023,11,2
765,2023-12-04,2023,12,4
766,2024-01-02,2024,1,2
767,2024-01-13,2024,1,13
768,2024-01-18,2024,1,18
769,2024-01-30,2024,1,30
770,2024-02-04,2024,2,4
771,2024-03-06,2024,3,6
772,2024-04-08,2024,4,8
773,2024-04-13,2024,4,13
774,2024-04-28,2024,4,28
775,2024-05-07,2024,5,7
776,2024-05-10,2024,5,10
777,2024-05-21,2024,5,21
778,2024-06-01,2024,6,1
779,2024-06-25,2024,6,25
780,2024-06-29,2024,6,29
781,2024-07-03,2024,7,3
782,2024-07-05,2024,7,5
783,2024-07-25,2024,7,25
784,2024-08-24,2024,8,24
785,2024-09-01,2024,9,1
786,2024-09-06,2024,9,6
787,2024-09-22,2024,9,22
788,2024-10-06,2024,10,6
789,2024-10-17,2024,10,17
790,2024-10-22,2024,10,22
791,2024-10-27,2024,10,27
792,2024-11-20,2024,11,20
793,2024-11-25,2024,11,25
794,2025-01-15,2025,1,15
795,2025-02-15,2025,2,15
796,2025-02-19,2025,2,19
797,2025-03-12,2025,3,12
798,2025-03-21,2025,3,21
799,2025-03-25,2025,3,25
800,2025-04-02,2025,4,2
801,2025-05-05,2025,5,5
802,2025-05-13,2025,5,13
803,2025-05-16,2025,5,16
804,2025-05-24,2025,5,24
805,2025-06-01,2025,6,1
806,2025-06-07,2025,6,7
807,2025-06-08,2025,6,8
808,2025-06-17,2025,6,17
809,2025-06-22,2025,6,22
810,2025-07-02,2025,7,2
811,2025-07-04,2025,7,4
812,2025-07-11,2025,7,11
813,2025-07-13,2025,7,13
814,2025-07-20,2025,7,20
815,2025-08-15,2025,8,15
816,2025-09-04,2025,9,4
817,2025-09-07,2025,9,7
818,2025-09-13,2025,9,13
819,2025-09-14,2025,9,14
820,2025-10-01,2025,10,1
821,2025-10-06,2025,10,6
822,2025-10-15,2025,10,15
823,2025-10-17,2025,10,17
824,2025-10-31,2025,10,31
825,2025-11-07,2025,11,7
826,2025-11-11,2025,11,11
827,2025-11-14,2025,11,14
828,2025-11-16,2025,11,16
829,2025-11-25,2025,11,25
830,2025-12-04,2025,12,4
831,2025-12-12,2025,12,12
832,2025-12-16,2025,12,16
833,2025-12-22,2025,12,22
834,2025-12-27,2025,12,27
835,2026-01-03,2026,1,3
836,2026-01-28,2026,1,28
837,2026-02-10,2026,2,10
838,2026-02-27,2026,2,27
839,2026-03-19,2026,3,19
840,2026-04-26,2026,4,26
841,2026-05-16,2026,5,16
842,2026-05-27,2026,5,27
843,2026-06-05,2026,6,5
844,2026-06-10,2026,6,10
845,2026-06-12,2026,6,12
846,2026-06-17,2026,6,17
847,2026-07-09,2026,7,9
848,2026-08-23,2026,8,23
849,2026-08-30,2026,8,30
850,2026-09-02,2026,9,2
851,2026-09-14,2026,9,14
852,2026-09-15,2026,9,15
853,2026-09-19,2026,9,19
854,2026-10-08,2026,10,8
855,2026-10-26,2026,10,26
856,2026-11-10,2026,11,10
857,2026-11-13,2026,11,13
858,2026-11-28,2026,11,28
859,2026-12-02,2026,12,2
860,2026-12-21,2026,12,21
861,2026-12-22,2026,12,22
862,2026-12-29,2026,12,29
863,2026-12-30,2026,12,30
864,2027-01-12,2027,1,12
865,2027-01-15,2027,1,15
866,2027-01-25,2027,1,25
867,2027-02-18,2027,2,18
868,2027-03-01,2027,3,1
869,2027-03-07,2027,3,7
870,2027-03-09,2027,3,9
871,2027-03-13,2027,3,13
872,2027-03-14,2027,3,14
873,2027-03-25,2027,3,25
874,2027-03-27,2027,3,27
875,2027-03-31,2027,3,31
876,2027-04-01,2027,4,1
877,2027-04-07,2027,4,7
878,2027-04-09,2027,4,9
879,2027-04-27,2027,4,27
880,2027-05-09,2027,5,9
881,2027-05-17,2027,5,17
882,2027-06-02,2027,6,2
883,2027-06-29,2027,6,29
884,2027-07-03,2027,7,3
885,2027-07-31,2027,7,31
886,2027-08-09,2027,8,9
887,2027-08-10,2027,8,10
888,2027-08-13,2027,8,13
889,2027-08-16,2027,8,16
890,2027-08-30,2027,8,30
891,2027-09-11,2027,9,11
892,2027-09-14,2027,9,14
893,2027-10-16,2027,10,16
894,2027-10-26,2027,10,26
895,2027-11-16,2027,11,16
896,2027-12-15,2027,12,15
897,2027-12-17,2027,12,17
898,2028-01-13,2028,1,13
899,2028-01-23,2028,1,23
900,2028-02-04,2028,2,4
901,2028-02-12,2028,2,12
902,2028-02-14,2028,2,14
903,2028-02-18,2028,2,18
904,2028-03-15,2028,3,15
905,2028-03-20,2028,3,20
906,2028-03-28,2028,3,28
907,2028-04-04,2028,4,4
908,2028-04-09,2028,4,9
909,2028-04-19,2028,4,19
910,2028-04-21,2028,4,21
911,2028-04-27,2028,4,27
912,2028-06-02,2028,6,2
913,2028-06-11,2028,6,11
914,2028-06-18,2028,6,18
915,2028-06-30,2028,6,30
916,2028-07-01,2028,7,1
917,2028-07-02,2028,7,2
918,2028-07-07,2028,7,7
919,2028-07-16,2028,7,16
920,2028-08-01,2028,8,1
921,2028-08-14,2028,8,14
922,2028-08-19,2028,8,19
923,2028-08-28,2028,8,28
924,2028-08-29,2028,8,29
925,2028-09-12,2028,9,12
926,2028-09-18,2028,9,18
927,2028-09-19,2028,9,19
928,2028-10-02,2028,10,2
929,2028-10-13,2028,10,13
930,2028-10-29,2028,10,29
931,2028-11-23,2028,11,23
932,2029-01-04,2029,1,4
933,2029-01-06,2029,1,6
934,2029-01-07,2029,1,7
935,2029-02-05,2029,2,5
936,2029-02-20,2029,2,20
937,2029-02-21,2029,2,21
938,2029-03-07,2029,3,7
939,2029-03-31,2029,3,31
940,2029-04-16,2029,4,16
941,2029-04-20,2029,4,20
942,2029-04-29,2029,4,29
943,2029-05-04,2029,5,4
944,2029-05-12,2029,5,12
945,2029-05-17,2029,5,17
946,2029-05-18,2029,5,18
947,2029-05-26,2029,5,26
948,2029-05-31,2029,5,31
949,2029-06-08,2029,6,8
950,2029-06-16,2029,6,16
951,2029-06-22,2029,6,22
952,2029-07-05,2029,7,5
953,2029-07-18,2029,7,18
954,2029-07-23,2029,7,23
955,2029-07-24,2029,7,24
956,2029-07-28,2029,7,28
957,2029-08-28,2029,8,28
958,2029-09-02,2029,9,2
959,2029-09-17,2029,9,17
960,2029-09-27,2029,9,27
961,2029-10-02,2029,10,2
962,2029-10-03,2029,10,3
963,2029-10-06,2029,10,6
964,2029-10-11,2029,10,11
965,2029-10-15,2029,10,15
966,2029-10-19,2029,10,19
967,2029-10-23,2029,10,23
968,2029-11-02,2029,11,2
969,2029-11-12,2029,11,12
970,2029-11-29,2029,11,29
971,2029-12-08,2029,12,8
972,2029-12-12,2029,12,12
973,2030-01-07,2030,1,7
974,2030-01-09,2030,1,9
975,2030-01-12,2030,1,12
976,2030-01-21,2030,1,21
977,2030-02-05,2030,2,5
978,2030-02-27,2030,2,27
979,2030-02-28,2030,2,28
980,2030-04-05,2030,4,5
981,2030-05-23,2030,5,23
982,2030-05-29,2030,5,29
983,2030-06-15,2030,6,15
984,2030-07-05,2030,7,5
985,2030-07-08,2030,7,8
986,2030-07-21,2030,7,21
987,2030-07-26,2030,7,26
988,2030-08-25,2030,8,25
989,2030-08-28,2030,8,28
990,2030-09-01,2030,9,1
991,2030-09-05,2030,9,5
992,2030-10-15,2030,10,15
993,2030-10-27,2030,10,27
994,2030-11-13,2030,11,13
995,2030-11-25,2030,11,25
996,2030-12-05,2030,12,5
997,2030-12-08,2030,12,8
998,2030-12-17,2030,12,17
999,2030-12-20,2030,12,20
1000,2030-12-26,2030,12,26
